resume_text,job_description,match_score,match_label,match_label_lower,resume_len,jd_len
"Data Analyst with 8 years of experience in Cybersecurity, FastAPI, Java and C++. Worked on enterprise applications and delivered scalable solutions.","Looking for a Data Analyst at a growing company. Required skills: Cybersecurity, FastAPI, Java, Linux. Experience with team collaboration preferred.",0.91,high,high,21,20
"Frontend Developer with 7 years of experience in Linux, Python, Java and React. Worked on enterprise applications and delivered scalable solutions.","Looking for a Frontend Developer at a growing company. Required skills: Linux, Python, Java, Pandas. Experience with team collaboration preferred.",0.72,medium,medium,21,20
"Java Developer with 2 years of experience in NLP, FastAPI, Git and TensorFlow. Worked on enterprise applications and delivered scalable solutions.","Looking for a Java Developer at a growing company. Required skills: NLP, FastAPI, Git, NLP. Experience with team collaboration preferred.",0.91,high,high,21,20
"AI Engineer with 4 years of experience in Cybersecurity, Machine Learning, Linux and Communication. Worked on enterprise applications and delivered scalable solutions.","Looking for a AI Engineer at a growing company. Required skills: Cybersecurity, Machine Learning, Linux, Power BI. Experience with team collaboration preferred.",0.69,medium,medium,22,22
"Cloud Engineer with 8 years of experience in Power BI, Git, SQL and NLP. Worked on enterprise applications and delivered scalable solutions.","Looking for a Cloud Engineer at a growing company. Required skills: Power BI, Git, SQL, Machine Learning. Experience with team collaboration preferred.",0.8,medium,medium,22,22
"Backend Developer with 2 years of experience in FastAPI, Leadership, Docker and C++. Worked on enterprise applications and delivered scalable solutions.","Looking for a Backend Developer at a growing company. Required skills: FastAPI, Leadership, Docker, FastAPI. Experience with team collaboration preferred.",0.69,medium,medium,21,20
"Sales Manager with 10 years of experience in Node.js, Python, Docker and SQL. Worked on enterprise applications and delivered scalable solutions.","Looking for a Sales Manager at a growing company. Required skills: Node.js, Python, Docker, Git. Experience with team collaboration preferred.",0.79,medium,medium,21,20
"Business Analyst with 10 years of experience in SQL, Kubernetes, Pandas and Docker. Worked on enterprise applications and delivered scalable solutions.","Looking for a Business Analyst at a growing company. Required skills: SQL, Kubernetes, Pandas, Linux. Experience with team collaboration preferred.",0.46,low,low,21,20
"Sales Manager with 5 years of experience in FastAPI, NLP, Power BI and SQL. Worked on enterprise applications and delivered scalable solutions.","Looking for a Sales Manager at a growing company. Required skills: FastAPI, NLP, Power BI, Docker. Experience with team collaboration preferred.",0.74,medium,medium,22,21
"Business Analyst with 8 years of experience in Java, Linux, Machine Learning and Cybersecurity. Worked on enterprise applications and delivered scalable solutions.","Looking for a Business Analyst at a growing company. Required skills: Java, Linux, Machine Learning, NLP. Experience with team collaboration preferred.",0.49,low,low,22,21
"DevOps Engineer with 7 years of experience in Node.js, Power BI, TensorFlow and SQL. Worked on enterprise applications and delivered scalable solutions.","Looking for a DevOps Engineer at a growing company. Required skills: Node.js, Power BI, TensorFlow, Machine Learning. Experience with team collaboration preferred.",0.79,medium,medium,22,22
"CLOUD ENGINEER WITH 9 YEARS OF EXPERIENCE IN LEADERSHIP, C++, KUBERNETES AND FASTAPI. WORKED ON ENTERPRISE APPLICATIONS AND DELIVERED SCALABLE SOLUTIONS.    ","Looking for a Cloud Engineer at a growing company. Required skills: Leadership, C++, Kubernetes, React. Experience with team collaboration preferred.",0.82,medium,medium,21,20
"AI Engineer with 1 years of experience in FastAPI, Docker, Pandas and Node.js. Worked on enterprise applications and delivered scalable solutions.","Looking for a AI Engineer at a growing company. Required skills: FastAPI, Docker, Pandas, NLP. Experience with team collaboration preferred.",0.83,medium,medium,21,20
"Backend Developer with 6 years of experience in TensorFlow, Kubernetes, Pandas and Git. Worked on enterprise applications and delivered scalable solutions.","Looking for a Backend Developer at a growing company. Required skills: TensorFlow, Kubernetes, Pandas, Pandas. Experience with team collaboration preferred.",0.84,medium,medium,21,20
"Business Analyst with 9 years of experience in Power BI, Docker, Cybersecurity and React. Worked on enterprise applications and delivered scalable solutions.","Looking for a Business Analyst at a growing company. Required skills: Power BI, Docker, Cybersecurity, Leadership. Experience with team collaboration preferred.",0.98,low,low,22,21
"AI Engineer with 4 years of experience in SQL, Leadership, Power BI and AWS. Worked on enterprise applications and delivered scalable solutions.","Looking for a AI Engineer at a growing company. Required skills: SQL, Leadership, Power BI, Python. Experience with team collaboration preferred.",0.65,medium,medium,22,21
"Cloud Engineer with 6 years of experience in NLP, React, SQL and Power BI. Worked on enterprise applications and delivered scalable solutions.","Looking for a Cloud Engineer at a growing company. Required skills: NLP, React, SQL, Node.js. Experience with team collaboration preferred.",0.54,low,low,22,20
"Healthcare Analyst with 3 years of experience in Machine Learning, TensorFlow, Node.js and React. Worked on enterprise applications and delivered scalable solutions.","Looking for a Healthcare Analyst at a growing company. Required skills: Machine Learning, TensorFlow, Node.js, SQL. Experience with team collaboration preferred.",0.61,low,low,22,21
"FRONTEND DEVELOPER WITH 1 YEARS OF EXPERIENCE IN PANDAS, PYTHON, POWER BI AND GIT. WORKED ON ENTERPRISE APPLICATIONS AND DELIVERED SCALABLE SOLUTIONS.    ","Looking for a Frontend Developer at a growing company. Required skills: Pandas, Python, Power BI, Machine Learning. Experience with team collaboration preferred.",0.83,medium,medium,22,22
"PRODUCT MANAGER WITH 5 YEARS OF EXPERIENCE IN REACT, AWS, PANDAS AND POWER BI. WORKED ON ENTERPRISE APPLICATIONS AND DELIVERED SCALABLE SOLUTIONS.    ","Looking for a Product Manager at a growing company. Required skills: React, AWS, Pandas, Power BI. Experience with team collaboration preferred.",0.77,medium,medium,22,21
"UI/UX Designer with 4 years of experience in Leadership, TensorFlow, SQL and Pandas. Worked on enterprise applications and delivered scalable solutions.","Looking for a UI/UX Designer at a growing company. Required skills: Leadership, TensorFlow, SQL, Communication. Experience with team collaboration preferred.",0.47,low,low,21,20
"ML Engineer with 5 years of experience in Linux, SQL, NLP and AWS. Worked on enterprise applications and delivered scalable solutions.","Looking for a ML Engineer at a growing company. Required skills: Linux, SQL, NLP, C++. Experience with team collaboration preferred.",0.97,high,high,21,20
"BUSINESS ANALYST WITH 10 YEARS OF EXPERIENCE IN PANDAS, PYTHON, C++ AND NODE.JS. WORKED ON ENTERPRISE APPLICATIONS AND DELIVERED SCALABLE SOLUTIONS.    ","Looking for a Business Analyst at a growing company. Required skills: Pandas, Python, C++, Python. Experience with team collaboration preferred.",0.55,low,low,21,20
"ML Engineer with 4 years of experience in Communication, Power BI, Leadership and Node.js. Worked on enterprise applications and delivered scalable solutions.","Looking for a ML Engineer at a growing company. Required skills: Communication, Power BI, Leadership, TensorFlow. Experience with team collaboration preferred.",0.62,low,low,22,21
"Product Manager with 5 years of experience in C++, Leadership, SQL and Kubernetes. Worked on enterprise applications and delivered scalable solutions.","Looking for a Product Manager at a growing company. Required skills: C++, Leadership, SQL, Java. Experience with team collaboration preferred.",0.63,low,low,21,20
"Cybersecurity Analyst with 5 years of experience in React, C++, TensorFlow and Leadership. Worked on enterprise applications and delivered scalable solutions.","Looking for a Cybersecurity Analyst at a growing company. Required skills: React, C++, TensorFlow, Pandas. Experience with team collaboration preferred.",0.85,high,high,21,20
"Sales Manager with 9 years of experience in Kubernetes, Leadership, AWS and Linux. Worked on enterprise applications and delivered scalable solutions.","Looking for a Sales Manager at a growing company. Required skills: Kubernetes, Leadership, AWS, C++. Experience with team collaboration preferred.",0.7,medium,medium,21,20
"Product Manager with 10 years of experience in Machine Learning, AWS, Linux and Python. Worked on enterprise applications and delivered scalable solutions.","Looking for a Product Manager at a growing company. Required skills: Machine Learning, AWS, Linux, Node.js. Experience with team collaboration preferred.",0.59,low,low,22,21
"Backend Developer with 10 years of experience in TensorFlow, Node.js, Java and Python. Worked on enterprise applications and delivered scalable solutions.","Looking for a Backend Developer at a growing company. Required skills: TensorFlow, Node.js, Java, FastAPI. Experience with team collaboration preferred.",0.65,medium,medium,21,20
"DevOps Engineer with 4 years of experience in Cybersecurity, C++, NLP and Machine Learning. Worked on enterprise applications and delivered scalable solutions.","Looking for a DevOps Engineer at a growing company. Required skills: Cybersecurity, C++, NLP, React. Experience with team collaboration preferred.",0.47,low,low,22,20
"Python Developer with 4 years of experience in React, Node.js, Machine Learning and TensorFlow. Worked on enterprise applications and delivered scalable solutions.","Looking for a Python Developer at a growing company. Required skills: React, Node.js, Machine Learning, Machine Learning. Experience with team collaboration preferred.",0.72,medium,medium,22,22
"Product Manager with 2 years of experience in Node.js, NLP, Docker and Git. Worked on enterprise applications and delivered scalable solutions.","Looking for a Product Manager at a growing company. Required skills: Node.js, NLP, Docker, Python. Experience with team collaboration preferred.",0.92,high,high,21,20
"Business Analyst with 4 years of experience in NLP, React, Leadership and Pandas. Worked on enterprise applications and delivered scalable solutions.","Looking for a Business Analyst at a growing company. Required skills: NLP, React, Leadership, C++. Experience with team collaboration preferred.",0.91,high,high,21,20
"Business Analyst with 4 years of experience in AWS, Cybersecurity, NLP and Power BI. Worked on enterprise applications and delivered scalable solutions.","Looking for a Business Analyst at a growing company. Required skills: AWS, Cybersecurity, NLP, TensorFlow. Experience with team collaboration preferred.",0.81,medium,medium,22,20
"Python Developer with 5 years of experience in Python, Pandas, Power BI and Node.js. Worked on enterprise applications and delivered scalable solutions.","Looking for a Python Developer at a growing company. Required skills: Python, Pandas, Power BI, Communication. Experience with team collaboration preferred.",0.66,medium,medium,22,21
"Product Manager with 3 years of experience in Pandas, Communication, Linux and Java. Worked on enterprise applications and delivered scalable solutions.","Looking for a Product Manager at a growing company. Required skills: Pandas, Communication, Linux, Kubernetes. Experience with team collaboration preferred.",0.51,medium,medium,21,20
"Python Developer with 8 years of experience in AWS, Leadership, Node.js and SQL. Worked on enterprise applications and delivered scalable solutions.","Looking for a Python Developer at a growing company. Required skills: AWS, Leadership, Node.js, Git. Experience with team collaboration preferred.",0.79,medium,medium,21,20
"HEALTHCARE ANALYST WITH 3 YEARS OF EXPERIENCE IN SQL, FASTAPI, AWS AND CYBERSECURITY. WORKED ON ENTERPRISE APPLICATIONS AND DELIVERED SCALABLE SOLUTIONS.    ","Looking for a Healthcare Analyst at a growing company. Required skills: SQL, FastAPI, AWS, TensorFlow. Experience with team collaboration preferred.",0.76,medium,medium,21,20
"Full Stack Developer with 6 years of experience in FastAPI, Pandas, Docker and React. Worked on enterprise applications and delivered scalable solutions.","Looking for a Full Stack Developer at a growing company. Required skills: FastAPI, Pandas, Docker, Power BI. Experience with team collaboration preferred.",0.74,medium,medium,22,22
"Cybersecurity Analyst with 8 years of experience in Communication, React, Machine Learning and Node.js. Worked on enterprise applications and delivered scalable solutions.","Looking for a Cybersecurity Analyst at a growing company. Required skills: Communication, React, Machine Learning, Communication. Experience with team collaboration preferred.",0.89,high,high,22,21
"Business Analyst with 3 years of experience in AWS, Java, Docker and Node.js. Worked on enterprise applications and delivered scalable solutions.","Looking for a Business Analyst at a growing company. Required skills: AWS, Java, Docker, NLP. Experience with team collaboration preferred.",0.63,low,low,21,20
"Sales Manager with 4 years of experience in Pandas, C++, Java and FastAPI. Worked on enterprise applications and delivered scalable solutions.","Looking for a Sales Manager at a growing company. Required skills: Pandas, C++, Java, TensorFlow. Experience with team collaboration preferred.",0.92,high,high,21,20
"Cloud Engineer with 5 years of experience in Docker, Linux, TensorFlow and Leadership. Worked on enterprise applications and delivered scalable solutions.","Looking for a Cloud Engineer at a growing company. Required skills: Docker, Linux, TensorFlow, FastAPI. Experience with team collaboration preferred.",0.62,low,low,21,20
"AI Engineer with 4 years of experience in AWS, Git, Java and TensorFlow. Worked on enterprise applications and delivered scalable solutions.","Looking for a AI Engineer at a growing company. Required skills: AWS, Git, Java, Leadership. Experience with team collaboration preferred.",0.75,medium,medium,21,20
"Healthcare Analyst with 2 years of experience in FastAPI, Python, NLP and Linux. Worked on enterprise applications and delivered scalable solutions.","Looking for a Healthcare Analyst at a growing company. Required skills: FastAPI, Python, NLP, Git. Experience with team collaboration preferred.",0.57,low,low,21,20
"DevOps Engineer with 8 years of experience in Cybersecurity, React, C++ and Docker. Worked on enterprise applications and delivered scalable solutions.","Looking for a DevOps Engineer at a growing company. Required skills: Cybersecurity, React, C++, Python. Experience with team collaboration preferred.",0.77,medium,medium,21,20
"Frontend Developer with 9 years of experience in Leadership, TensorFlow, Kubernetes and Python. Worked on enterprise applications and delivered scalable solutions.","Looking for a Frontend Developer at a growing company. Required skills: Leadership, TensorFlow, Kubernetes, Leadership. Experience with team collaboration preferred.",0.9,high,high,21,20
"Sales Manager with 4 years of experience in Machine Learning, Python, Leadership and FastAPI. Worked on enterprise applications and delivered scalable solutions.","Looking for a Sales Manager at a growing company. Required skills: Machine Learning, Python, Leadership, Docker. Experience with team collaboration preferred.",0.73,medium,medium,22,21
"Cloud Engineer with 9 years of experience in Pandas, AWS, Python and Power BI. Worked on enterprise applications and delivered scalable solutions.","Looking for a Cloud Engineer at a growing company. Required skills: Pandas, AWS, Python, Docker. Experience with team collaboration preferred.",0.8,medium,medium,22,20
"Product Manager with 3 years of experience in Linux, Git, Docker and Python. Worked on enterprise applications and delivered scalable solutions.","Looking for a Product Manager at a growing company. Required skills: Linux, Git, Docker, Power BI. Experience with team collaboration preferred.",0.77,medium,medium,21,21
"Data Analyst with 8 years of experience in Docker, Linux, C++ and Git. Worked on enterprise applications and delivered scalable solutions.","Looking for a Data Analyst at a growing company. Required skills: Docker, Linux, C++, Communication. Experience with team collaboration preferred.",0.95,high,high,21,20
"Java Developer with 4 years of experience in React, Git, Pandas and Python. Worked on enterprise applications and delivered scalable solutions.","Looking for a Java Developer at a growing company. Required skills: React, Git, Pandas, Pandas. Experience with team collaboration preferred.",0.77,medium,medium,21,20
"DevOps Engineer with 8 years of experience in Cybersecurity, Machine Learning, Java and FastAPI. Worked on enterprise applications and delivered scalable solutions.","Looking for a DevOps Engineer at a growing company. Required skills: Cybersecurity, Machine Learning, Java, Leadership. Experience with team collaboration preferred.",0.66,medium,medium,22,21
"Full Stack Developer with 2 years of experience in Git, Kubernetes, AWS and Cybersecurity. Worked on enterprise applications and delivered scalable solutions.","Looking for a Full Stack Developer at a growing company. Required skills: Git, Kubernetes, AWS, SQL. Experience with team collaboration preferred.",0.84,medium,medium,22,21
"UI/UX Designer with 3 years of experience in Docker, React, Git and FastAPI. Worked on enterprise applications and delivered scalable solutions.","Looking for a UI/UX Designer at a growing company. Required skills: Docker, React, Git, Node.js. Experience with team collaboration preferred.",0.53,low,low,21,20
"UI/UX Designer with 4 years of experience in SQL, Java, Leadership and TensorFlow. Worked on enterprise applications and delivered scalable solutions.","Looking for a UI/UX Designer at a growing company. Required skills: SQL, Java, Leadership, C++. Experience with team collaboration preferred.",0.96,high,high,21,20
"Cloud Engineer with 1 years of experience in Java, Python, Cybersecurity and Linux. Worked on enterprise applications and delivered scalable solutions.","Looking for a Cloud Engineer at a growing company. Required skills: Java, Python, Cybersecurity, Machine Learning. Experience with team collaboration preferred.",0.91,high,high,21,21
"Backend Developer with 7 years of experience in Pandas, Leadership, Python and React. Worked on enterprise applications and delivered scalable solutions.","Looking for a Backend Developer at a growing company. Required skills: Pandas, Leadership, Python, Leadership. Experience with team collaboration preferred.",0.47,low,low,21,20
"UI/UX Designer with 2 years of experience in TensorFlow, Machine Learning, Java and Cybersecurity. Worked on enterprise applications and delivered scalable solutions.","Looking for a UI/UX Designer at a growing company. Required skills: TensorFlow, Machine Learning, Java, Machine Learning. Experience with team collaboration preferred.",0.8,medium,medium,22,22
"Cloud Engineer with 2 years of experience in Leadership, Python, Kubernetes and Java. Worked on enterprise applications and delivered scalable solutions.","Looking for a Cloud Engineer at a growing company. Required skills: Leadership, Python, Kubernetes, SQL. Experience with team collaboration preferred.",0.78,medium,medium,21,20
"Data Analyst with 2 years of experience in Java, Docker, Pandas and Communication. Worked on enterprise applications and delivered scalable solutions.","Looking for a Data Analyst at a growing company. Required skills: Java, Docker, Pandas, Power BI. Experience with team collaboration preferred.",0.57,low,low,21,21
"AI Engineer with 5 years of experience in Cybersecurity, React, C++ and Leadership. Worked on enterprise applications and delivered scalable solutions.","Looking for a AI Engineer at a growing company. Required skills: Cybersecurity, React, C++, Power BI. Experience with team collaboration preferred.",0.47,low,low,21,21
"Product Manager with 2 years of experience in C++, Leadership, Node.js and Power BI. Worked on enterprise applications and delivered scalable solutions.","Looking for a Product Manager at a growing company. Required skills: C++, Leadership, Node.js, Kubernetes. Experience with team collaboration preferred.",0.63,low,low,22,20
"Frontend Developer with 1 years of experience in Python, Cybersecurity, TensorFlow and Kubernetes. Worked on enterprise applications and delivered scalable solutions.","Looking for a Frontend Developer at a growing company. Required skills: Python, Cybersecurity, TensorFlow, Java. Experience with team collaboration preferred.",0.64,low,low,21,20
"Backend Developer with 4 years of experience in Python, React, Docker and NLP. Worked on enterprise applications and delivered scalable solutions.","Looking for a Backend Developer at a growing company. Required skills: Python, React, Docker, Python. Experience with team collaboration preferred.",0.83,medium,medium,21,20
"BACKEND DEVELOPER WITH 5 YEARS OF EXPERIENCE IN COMMUNICATION, GIT, JAVA AND NLP. WORKED ON ENTERPRISE APPLICATIONS AND DELIVERED SCALABLE SOLUTIONS.    ","Looking for a Backend Developer at a growing company. Required skills: Communication, Git, Java, React. Experience with team collaboration preferred.",0.74,medium,medium,21,20
"Product Manager with 9 years of experience in FastAPI, NLP, SQL and Linux. Worked on enterprise applications and delivered scalable solutions.","Looking for a Product Manager at a growing company. Required skills: FastAPI, NLP, SQL, Kubernetes. Experience with team collaboration preferred.",0.87,high,high,21,20
"Cloud Engineer with 4 years of experience in Python, Pandas, Machine Learning and Communication. Worked on enterprise applications and delivered scalable solutions.","Looking for a Cloud Engineer at a growing company. Required skills: Python, Pandas, Machine Learning, Leadership. Experience with team collaboration preferred.",0.46,low,low,22,21
"Frontend Developer with 8 years of experience in Power BI, NLP, AWS and Node.js. Worked on enterprise applications and delivered scalable solutions.","Looking for a Frontend Developer at a growing company. Required skills: Power BI, NLP, AWS, Leadership. Experience with team collaboration preferred.",0.87,high,high,22,21
"PYTHON DEVELOPER WITH 4 YEARS OF EXPERIENCE IN CYBERSECURITY, C++, NODE.JS AND LEADERSHIP. WORKED ON ENTERPRISE APPLICATIONS AND DELIVERED SCALABLE SOLUTIONS.    ","Looking for a Python Developer at a growing company. Required skills: Cybersecurity, C++, Node.js, Python. Experience with team collaboration preferred.",0.58,low,low,21,20
"Java Developer with 10 years of experience in NLP, Python, Cybersecurity and Power BI. Worked on enterprise applications and delivered scalable solutions.","Looking for a Java Developer at a growing company. Required skills: NLP, Python, Cybersecurity, Cybersecurity. Experience with team collaboration preferred.",0.57,medium,medium,22,20
"Full Stack Developer with 6 years of experience in AWS, NLP, TensorFlow and Cybersecurity. Worked on enterprise applications and delivered scalable solutions.","Looking for a Full Stack Developer at a growing company. Required skills: AWS, NLP, TensorFlow, Cybersecurity. Experience with team collaboration preferred.",0.97,high,high,22,21
"Java Developer with 3 years of experience in Power BI, C++, AWS and FastAPI. Worked on enterprise applications and delivered scalable solutions.","Looking for a Java Developer at a growing company. Required skills: Power BI, C++, AWS, Python. Experience with team collaboration preferred.",0.72,medium,medium,22,21
"AI Engineer with 10 years of experience in AWS, Kubernetes, Docker and NLP. Worked on enterprise applications and delivered scalable solutions.","Looking for a AI Engineer at a growing company. Required skills: AWS, Kubernetes, Docker, AWS. Experience with team collaboration preferred.",0.86,high,high,21,20
"Sales Manager with 2 years of experience in Machine Learning, Power BI, Node.js and TensorFlow. Worked on enterprise applications and delivered scalable solutions.","Looking for a Sales Manager at a growing company. Required skills: Machine Learning, Power BI, Node.js, TensorFlow. Experience with team collaboration preferred.",0.88,high,high,23,22
"DATA ANALYST WITH 7 YEARS OF EXPERIENCE IN FASTAPI, COMMUNICATION, NODE.JS AND TENSORFLOW. WORKED ON ENTERPRISE APPLICATIONS AND DELIVERED SCALABLE SOLUTIONS.    ","Looking for a Data Analyst at a growing company. Required skills: FastAPI, Communication, Node.js, Cybersecurity. Experience with team collaboration preferred.",0.75,medium,medium,21,20
"Product Manager with 6 years of experience in Linux, AWS, Kubernetes and C++. Worked on enterprise applications and delivered scalable solutions.","Looking for a Product Manager at a growing company. Required skills: Linux, AWS, Kubernetes, React. Experience with team collaboration preferred.",0.52,low,low,21,20
"ML Engineer with 8 years of experience in AWS, Communication, Docker and Leadership. Worked on enterprise applications and delivered scalable solutions.","Looking for a ML Engineer at a growing company. Required skills: AWS, Communication, Docker, FastAPI. Experience with team collaboration preferred.",0.51,high,high,21,20
"Frontend Developer with 7 years of experience in Node.js, Docker, AWS and Leadership. Worked on enterprise applications and delivered scalable solutions.","Looking for a Frontend Developer at a growing company. Required skills: Node.js, Docker, AWS, Kubernetes. Experience with team collaboration preferred.",0.97,high,high,21,20
"Frontend Developer with 4 years of experience in Git, C++, SQL and Cybersecurity. Worked on enterprise applications and delivered scalable solutions.","Looking for a Frontend Developer at a growing company. Required skills: Git, C++, SQL, Power BI. Experience with team collaboration preferred.",0.97,high,high,21,21
"DevOps Engineer with 5 years of experience in Java, Docker, C++ and AWS. Worked on enterprise applications and delivered scalable solutions.","Looking for a DevOps Engineer at a growing company. Required skills: Java, Docker, C++, SQL. Experience with team collaboration preferred.",0.85,high,high,21,20
"UI/UX Designer with 1 years of experience in Git, Machine Learning, FastAPI and TensorFlow. Worked on enterprise applications and delivered scalable solutions.","Looking for a UI/UX Designer at a growing company. Required skills: Git, Machine Learning, FastAPI, Kubernetes. Experience with team collaboration preferred.",0.7,medium,medium,22,21
"Business Analyst with 5 years of experience in SQL, Communication, Kubernetes and Power BI. Worked on enterprise applications and delivered scalable solutions.","Looking for a Business Analyst at a growing company. Required skills: SQL, Communication, Kubernetes, Python. Experience with team collaboration preferred.",0.79,medium,medium,22,20
"DevOps Engineer with 1 years of experience in AWS, Cybersecurity, Python and Docker. Worked on enterprise applications and delivered scalable solutions.","Looking for a DevOps Engineer at a growing company. Required skills: AWS, Cybersecurity, Python, Power BI. Experience with team collaboration preferred.",0.48,low,low,21,21
"PYTHON DEVELOPER WITH 9 YEARS OF EXPERIENCE IN GIT, DOCKER, PYTHON AND TENSORFLOW. WORKED ON ENTERPRISE APPLICATIONS AND DELIVERED SCALABLE SOLUTIONS.    ","Looking for a Python Developer at a growing company. Required skills: Git, Docker, Python, Docker. Experience with team collaboration preferred.",0.71,medium,medium,21,20
"Business Analyst with 8 years of experience in Git, Kubernetes, Node.js and Cybersecurity. Worked on enterprise applications and delivered scalable solutions.","Looking for a Business Analyst at a growing company. Required skills: Git, Kubernetes, Node.js, Node.js. Experience with team collaboration preferred.",0.69,medium,medium,21,20
"Frontend Developer with 3 years of experience in React, TensorFlow, Kubernetes and C++. Worked on enterprise applications and delivered scalable solutions.","Looking for a Frontend Developer at a growing company. Required skills: React, TensorFlow, Kubernetes, FastAPI. Experience with team collaboration preferred.",0.78,medium,medium,21,20
"UI/UX Designer with 9 years of experience in Machine Learning, Leadership, SQL and React. Worked on enterprise applications and delivered scalable solutions.","Looking for a UI/UX Designer at a growing company. Required skills: Machine Learning, Leadership, SQL, Python. Experience with team collaboration preferred.",0.89,high,high,22,21
"Business Analyst with 1 years of experience in Git, Cybersecurity, Kubernetes and Python. Worked on enterprise applications and delivered scalable solutions.","Looking for a Business Analyst at a growing company. Required skills: Git, Cybersecurity, Kubernetes, C++. Experience with team collaboration preferred.",0.47,low,low,21,20
"Cloud Engineer with 6 years of experience in Docker, Java, TensorFlow and Python. Worked on enterprise applications and delivered scalable solutions.","Looking for a Cloud Engineer at a growing company. Required skills: Docker, Java, TensorFlow, Cybersecurity. Experience with team collaboration preferred.",0.94,high,high,21,20
"Business Analyst with 7 years of experience in Docker, Node.js, Cybersecurity and NLP. Worked on enterprise applications and delivered scalable solutions.","Looking for a Business Analyst at a growing company. Required skills: Docker, Node.js, Cybersecurity, C++. Experience with team collaboration preferred.",0.77,medium,medium,21,20
"BUSINESS ANALYST WITH 9 YEARS OF EXPERIENCE IN C++, MACHINE LEARNING, POWER BI AND CYBERSECURITY. WORKED ON ENTERPRISE APPLICATIONS AND DELIVERED SCALABLE SOLUTIONS.    ","Looking for a Business Analyst at a growing company. Required skills: C++, Machine Learning, Power BI, Pandas. Experience with team collaboration preferred.",0.68,medium,medium,23,22
"Healthcare Analyst with 6 years of experience in Python, AWS, C++ and Docker. Worked on enterprise applications and delivered scalable solutions.","Looking for a Healthcare Analyst at a growing company. Required skills: Python, AWS, C++, Power BI. Experience with team collaboration preferred.",0.62,low,low,21,21
"Backend Developer with 4 years of experience in Power BI, Node.js, NLP and Leadership. Worked on enterprise applications and delivered scalable solutions.","Looking for a Backend Developer at a growing company. Required skills: Power BI, Node.js, NLP, Cybersecurity. Experience with team collaboration preferred.",0.54,low,low,22,21
"Cybersecurity Analyst with 6 years of experience in Docker, Communication, Power BI and C++. Worked on enterprise applications and delivered scalable solutions.","Looking for a Cybersecurity Analyst at a growing company. Required skills: Docker, Communication, Power BI, Kubernetes. Experience with team collaboration preferred.",0.86,high,high,22,21
"Cybersecurity Analyst with 7 years of experience in Cybersecurity, FastAPI, NLP and Linux. Worked on enterprise applications and delivered scalable solutions.","Looking for a Cybersecurity Analyst at a growing company. Required skills: Cybersecurity, FastAPI, NLP, Pandas. Experience with team collaboration preferred.",0.47,low,low,21,20
"Java Developer with 9 years of experience in TensorFlow, SQL, React and Machine Learning. Worked on enterprise applications and delivered scalable solutions.","Looking for a Java Developer at a growing company. Required skills: TensorFlow, SQL, React, NLP. Experience with team collaboration preferred.",0.89,high,high,22,20
"Frontend Developer with 2 years of experience in Linux, C++, Kubernetes and SQL. Worked on enterprise applications and delivered scalable solutions.","Looking for a Frontend Developer at a growing company. Required skills: Linux, C++, Kubernetes, Java. Experience with team collaboration preferred.",0.93,high,high,21,20
"Data Analyst with 1 years of experience in Git, NLP, Java and C++. Worked on enterprise applications and delivered scalable solutions.","Looking for a Data Analyst at a growing company. Required skills: Git, NLP, Java, AWS. Experience with team collaboration preferred.",0.8,medium,medium,21,20
"Full Stack Developer with 7 years of experience in Git, Kubernetes, NLP and Node.js. Worked on enterprise applications and delivered scalable solutions.","Looking for a Full Stack Developer at a growing company. Required skills: Git, Kubernetes, NLP, TensorFlow. Experience with team collaboration preferred.",0.87,high,high,22,21
"FRONTEND DEVELOPER WITH 10 YEARS OF EXPERIENCE IN GIT, POWER BI, REACT AND SQL. WORKED ON ENTERPRISE APPLICATIONS AND DELIVERED SCALABLE SOLUTIONS.    ","Looking for a Frontend Developer at a growing company. Required skills: Git, Power BI, React, Kubernetes. Experience with team collaboration preferred.",0.82,medium,medium,22,21
"DEVOPS ENGINEER WITH 9 YEARS OF EXPERIENCE IN LEADERSHIP, MACHINE LEARNING, PANDAS AND COMMUNICATION. WORKED ON ENTERPRISE APPLICATIONS AND DELIVERED SCALABLE SOLUTIONS.    ","Looking for a DevOps Engineer at a growing company. Required skills: Leadership, Machine Learning, Pandas, TensorFlow. Experience with team collaboration preferred.",0.69,medium,medium,22,21
"Full Stack Developer with 7 years of experience in Pandas, Cybersecurity, Communication and Java. Worked on enterprise applications and delivered scalable solutions.","Looking for a Full Stack Developer at a growing company. Required skills: Pandas, Cybersecurity, Communication, NLP. Experience with team collaboration preferred.",0.71,medium,medium,22,21
"Healthcare Analyst with 8 years of experience in Java, SQL, Python and Communication. Worked on enterprise applications and delivered scalable solutions.","Looking for a Healthcare Analyst at a growing company. Required skills: Java, SQL, Python, FastAPI. Experience with team collaboration preferred.",0.73,medium,medium,21,20
"Data Analyst with 9 years of experience in FastAPI, Power BI, React and C++. Worked on enterprise applications and delivered scalable solutions.","Looking for a Data Analyst at a growing company. Required skills: FastAPI, Power BI, React, Power BI. Experience with team collaboration preferred.",0.68,medium,medium,22,22
"Sales Manager with 3 years of experience in Leadership, FastAPI, SQL and Kubernetes. Worked on enterprise applications and delivered scalable solutions.","Looking for a Sales Manager at a growing company. Required skills: Leadership, FastAPI, SQL, Docker. Experience with team collaboration preferred.",0.71,medium,medium,21,20
"Product Manager with 1 years of experience in AWS, Cybersecurity, C++ and TensorFlow. Worked on enterprise applications and delivered scalable solutions.","Looking for a Product Manager at a growing company. Required skills: AWS, Cybersecurity, C++, Pandas. Experience with team collaboration preferred.",0.48,low,low,21,20
"Cybersecurity Analyst with 10 years of experience in Node.js, NLP, Communication and TensorFlow. Worked on enterprise applications and delivered scalable solutions.","Looking for a Cybersecurity Analyst at a growing company. Required skills: Node.js, NLP, Communication, Communication. Experience with team collaboration preferred.",0.47,low,low,21,20
"Frontend Developer with 5 years of experience in TensorFlow, Communication, Docker and AWS. Worked on enterprise applications and delivered scalable solutions.","Looking for a Frontend Developer at a growing company. Required skills: TensorFlow, Communication, Docker, Java. Experience with team collaboration preferred.",0.63,low,low,21,20
"BACKEND DEVELOPER WITH 5 YEARS OF EXPERIENCE IN KUBERNETES, GIT, AWS AND JAVA. WORKED ON ENTERPRISE APPLICATIONS AND DELIVERED SCALABLE SOLUTIONS.    ","Looking for a Backend Developer at a growing company. Required skills: Kubernetes, Git, AWS, TensorFlow. Experience with team collaboration preferred.",0.56,low,low,21,20
"DevOps Engineer with 9 years of experience in React, TensorFlow, AWS and Leadership. Worked on enterprise applications and delivered scalable solutions.","Looking for a DevOps Engineer at a growing company. Required skills: React, TensorFlow, AWS, Linux. Experience with team collaboration preferred.",0.79,medium,medium,21,20
"Frontend Developer with 5 years of experience in C++, Java, Machine Learning and TensorFlow. Worked on enterprise applications and delivered scalable solutions.","Looking for a Frontend Developer at a growing company. Required skills: C++, Java, Machine Learning, Node.js. Experience with team collaboration preferred.",0.59,low,low,22,21
"Data Analyst with 3 years of experience in Power BI, FastAPI, Leadership and Communication. Worked on enterprise applications and delivered scalable solutions.","Looking for a Data Analyst at a growing company. Required skills: Power BI, FastAPI, Leadership, Python. Experience with team collaboration preferred.",0.51,low,low,22,21
"Java Developer with 1 years of experience in AWS, Git, Docker and Kubernetes. Worked on enterprise applications and delivered scalable solutions.","Looking for a Java Developer at a growing company. Required skills: AWS, Git, Docker, Leadership. Experience with team collaboration preferred.",0.64,low,low,21,20
"Data Analyst with 3 years of experience in Machine Learning, Node.js, Java and Python. Worked on enterprise applications and delivered scalable solutions.","Looking for a Data Analyst at a growing company. Required skills: Machine Learning, Node.js, Java, Cybersecurity. Experience with team collaboration preferred.",0.46,low,low,22,21
"ML Engineer with 8 years of experience in Python, Communication, Linux and Pandas. Worked on enterprise applications and delivered scalable solutions.","Looking for a ML Engineer at a growing company. Required skills: Python, Communication, Linux, Git. Experience with team collaboration preferred.",0.81,medium,medium,21,20
"Full Stack Developer with 7 years of experience in SQL, C++, FastAPI and NLP. Worked on enterprise applications and delivered scalable solutions.","Looking for a Full Stack Developer at a growing company. Required skills: SQL, C++, FastAPI, FastAPI. Experience with team collaboration preferred.",0.55,low,low,22,21
"UI/UX Designer with 8 years of experience in AWS, Leadership, Kubernetes and FastAPI. Worked on enterprise applications and delivered scalable solutions.","Looking for a UI/UX Designer at a growing company. Required skills: AWS, Leadership, Kubernetes, Node.js. Experience with team collaboration preferred.",0.54,low,low,21,20
"DEVOPS ENGINEER WITH 5 YEARS OF EXPERIENCE IN SQL, MACHINE LEARNING, DOCKER AND PYTHON. WORKED ON ENTERPRISE APPLICATIONS AND DELIVERED SCALABLE SOLUTIONS.    ","Looking for a DevOps Engineer at a growing company. Required skills: SQL, Machine Learning, Docker, Leadership. Experience with team collaboration preferred.",0.68,medium,medium,22,21
"Full Stack Developer with 2 years of experience in Pandas, AWS, Docker and Java. Worked on enterprise applications and delivered scalable solutions.","Looking for a Full Stack Developer at a growing company. Required skills: Pandas, AWS, Docker, C++. Experience with team collaboration preferred.",0.9,high,high,22,21
"Backend Developer with 8 years of experience in SQL, Machine Learning, Linux and Java. Worked on enterprise applications and delivered scalable solutions.","Looking for a Backend Developer at a growing company. Required skills: SQL, Machine Learning, Linux, Communication. Experience with team collaboration preferred.",0.69,medium,medium,22,21
"UI/UX Designer with 8 years of experience in Node.js, NLP, Docker and AWS. Worked on enterprise applications and delivered scalable solutions.","Looking for a UI/UX Designer at a growing company. Required skills: Node.js, NLP, Docker, AWS. Experience with team collaboration preferred.",0.51,high,high,21,20
"Healthcare Analyst with 10 years of experience in NLP, Linux, Git and C++. Worked on enterprise applications and delivered scalable solutions.","Looking for a Healthcare Analyst at a growing company. Required skills: NLP, Linux, Git, FastAPI. Experience with team collaboration preferred.",0.82,medium,medium,21,20
"Cloud Engineer with 10 years of experience in SQL, Cybersecurity, Git and Power BI. Worked on enterprise applications and delivered scalable solutions.","Looking for a Cloud Engineer at a growing company. Required skills: SQL, Cybersecurity, Git, NLP. Experience with team collaboration preferred.",0.91,high,high,22,20
"Healthcare Analyst with 9 years of experience in Cybersecurity, Power BI, AWS and Git. Worked on enterprise applications and delivered scalable solutions.","Looking for a Healthcare Analyst at a growing company. Required skills: Cybersecurity, Power BI, AWS, AWS. Experience with team collaboration preferred.",0.82,medium,medium,22,21
"DevOps Engineer with 8 years of experience in Communication, Pandas, Node.js and Machine Learning. Worked on enterprise applications and delivered scalable solutions.","Looking for a DevOps Engineer at a growing company. Required skills: Communication, Pandas, Node.js, AWS. Experience with team collaboration preferred.",0.56,low,low,22,20
"Java Developer with 7 years of experience in FastAPI, C++, Leadership and Node.js. Worked on enterprise applications and delivered scalable solutions.","Looking for a Java Developer at a growing company. Required skills: FastAPI, C++, Leadership, Kubernetes. Experience with team collaboration preferred.",0.61,low,low,21,20
"Python Developer with 9 years of experience in Cybersecurity, Python, SQL and Linux. Worked on enterprise applications and delivered scalable solutions.","Looking for a Python Developer at a growing company. Required skills: Cybersecurity, Python, SQL, Node.js. Experience with team collaboration preferred.",0.86,high,high,21,20
"Business Analyst with 7 years of experience in Git, Machine Learning, Power BI and AWS. Worked on enterprise applications and delivered scalable solutions.","Looking for a Business Analyst at a growing company. Required skills: Git, Machine Learning, Power BI, Power BI. Experience with team collaboration preferred.",0.93,high,high,23,23
"DevOps Engineer with 5 years of experience in React, AWS, Linux and NLP. Worked on enterprise applications and delivered scalable solutions.","Looking for a DevOps Engineer at a growing company. Required skills: React, AWS, Linux, Communication. Experience with team collaboration preferred.",0.69,medium,medium,21,20
"Healthcare Analyst with 7 years of experience in TensorFlow, NLP, Pandas and React. Worked on enterprise applications and delivered scalable solutions.","Looking for a Healthcare Analyst at a growing company. Required skills: TensorFlow, NLP, Pandas, C++. Experience with team collaboration preferred.",0.85,high,high,21,20
"Full Stack Developer with 10 years of experience in Java, NLP, Communication and AWS. Worked on enterprise applications and delivered scalable solutions.","Looking for a Full Stack Developer at a growing company. Required skills: Java, NLP, Communication, Machine Learning. Experience with team collaboration preferred.",0.75,medium,medium,22,22
"ML Engineer with 9 years of experience in Kubernetes, Leadership, SQL and Machine Learning. Worked on enterprise applications and delivered scalable solutions.","Looking for a ML Engineer at a growing company. Required skills: Kubernetes, Leadership, SQL, Git. Experience with team collaboration preferred.",0.83,medium,medium,22,20
"CYBERSECURITY ANALYST WITH 8 YEARS OF EXPERIENCE IN NODE.JS, DOCKER, NLP AND TENSORFLOW. WORKED ON ENTERPRISE APPLICATIONS AND DELIVERED SCALABLE SOLUTIONS.    ","Looking for a Cybersecurity Analyst at a growing company. Required skills: Node.js, Docker, NLP, Docker. Experience with team collaboration preferred.",0.66,medium,medium,21,20
"Product Manager with 1 years of experience in Docker, Leadership, Java and Node.js. Worked on enterprise applications and delivered scalable solutions.","Looking for a Product Manager at a growing company. Required skills: Docker, Leadership, Java, NLP. Experience with team collaboration preferred.",0.56,low,low,21,20
"Backend Developer with 7 years of experience in Linux, Pandas, Leadership and C++. Worked on enterprise applications and delivered scalable solutions.","Looking for a Backend Developer at a growing company. Required skills: Linux, Pandas, Leadership, Cybersecurity. Experience with team collaboration preferred.",0.88,high,high,21,20
"Product Manager with 10 years of experience in React, Machine Learning, Node.js and Pandas. Worked on enterprise applications and delivered scalable solutions.","Looking for a Product Manager at a growing company. Required skills: React, Machine Learning, Node.js, Docker. Experience with team collaboration preferred.",0.74,medium,medium,22,21
"Cybersecurity Analyst with 1 years of experience in FastAPI, Python, React and Pandas. Worked on enterprise applications and delivered scalable solutions.","Looking for a Cybersecurity Analyst at a growing company. Required skills: FastAPI, Python, React, Linux. Experience with team collaboration preferred.",0.76,medium,medium,21,20
"Data Analyst with 1 years of experience in Java, Cybersecurity, Leadership and Git. Worked on enterprise applications and delivered scalable solutions.","Looking for a Data Analyst at a growing company. Required skills: Java, Cybersecurity, Leadership, Node.js. Experience with team collaboration preferred.",0.6,low,low,21,20
"CYBERSECURITY ANALYST WITH 3 YEARS OF EXPERIENCE IN NLP, AWS, NODE.JS AND POWER BI. WORKED ON ENTERPRISE APPLICATIONS AND DELIVERED SCALABLE SOLUTIONS.    ","Looking for a Cybersecurity Analyst at a growing company. Required skills: NLP, AWS, Node.js, NLP. Experience with team collaboration preferred.",0.67,medium,medium,22,20
"Frontend Developer with 1 years of experience in Linux, Communication, NLP and Kubernetes. Worked on enterprise applications and delivered scalable solutions.","Looking for a Frontend Developer at a growing company. Required skills: Linux, Communication, NLP, C++. Experience with team collaboration preferred.",0.96,high,high,21,20
"Full Stack Developer with 5 years of experience in TensorFlow, SQL, Git and Python. Worked on enterprise applications and delivered scalable solutions.","Looking for a Full Stack Developer at a growing company. Required skills: TensorFlow, SQL, Git, FastAPI. Experience with team collaboration preferred.",0.62,low,low,22,21
"Cloud Engineer with 9 years of experience in Kubernetes, NLP, Linux and React. Worked on enterprise applications and delivered scalable solutions.","Looking for a Cloud Engineer at a growing company. Required skills: Kubernetes, NLP, Linux, Communication. Experience with team collaboration preferred.",0.68,medium,medium,21,20
"Cybersecurity Analyst with 10 years of experience in Power BI, NLP, Communication and Kubernetes. Worked on enterprise applications and delivered scalable solutions.","Looking for a Cybersecurity Analyst at a growing company. Required skills: Power BI, NLP, Communication, Java. Experience with team collaboration preferred.",0.47,low,low,22,21
"DevOps Engineer with 8 years of experience in AWS, Kubernetes, Power BI and Python. Worked on enterprise applications and delivered scalable solutions.","Looking for a DevOps Engineer at a growing company. Required skills: AWS, Kubernetes, Power BI, C++. Experience with team collaboration preferred.",0.91,medium,medium,22,21
"Backend Developer with 7 years of experience in Docker, Python, Java and Node.js. Worked on enterprise applications and delivered scalable solutions.","Looking for a Backend Developer at a growing company. Required skills: Docker, Python, Java, Python. Experience with team collaboration preferred.",0.91,high,high,21,20
"UI/UX Designer with 9 years of experience in Node.js, Docker, Linux and Machine Learning. Worked on enterprise applications and delivered scalable solutions.","Looking for a UI/UX Designer at a growing company. Required skills: Node.js, Docker, Linux, React. Experience with team collaboration preferred.",0.71,medium,medium,22,20
"Data Analyst with 9 years of experience in Cybersecurity, Git, Pandas and Leadership. Worked on enterprise applications and delivered scalable solutions.","Looking for a Data Analyst at a growing company. Required skills: Cybersecurity, Git, Pandas, Linux. Experience with team collaboration preferred.",0.54,low,low,21,20
"Python Developer with 3 years of experience in SQL, React, NLP and Pandas. Worked on enterprise applications and delivered scalable solutions.","Looking for a Python Developer at a growing company. Required skills: SQL, React, NLP, C++. Experience with team collaboration preferred.",0.56,low,low,21,20
"Product Manager with 8 years of experience in Git, Machine Learning, Linux and Java. Worked on enterprise applications and delivered scalable solutions.","Looking for a Product Manager at a growing company. Required skills: Git, Machine Learning, Linux, Power BI. Experience with team collaboration preferred.",0.94,high,high,22,22
"Data Analyst with 3 years of experience in Python, Git, Docker and Pandas. Worked on enterprise applications and delivered scalable solutions.","Looking for a Data Analyst at a growing company. Required skills: Python, Git, Docker, AWS. Experience with team collaboration preferred.",0.62,low,low,21,20
"ML Engineer with 7 years of experience in FastAPI, Python, Cybersecurity and Kubernetes. Worked on enterprise applications and delivered scalable solutions.","Looking for a ML Engineer at a growing company. Required skills: FastAPI, Python, Cybersecurity, NLP. Experience with team collaboration preferred.",0.52,low,low,21,20
"DevOps Engineer with 9 years of experience in Communication, Kubernetes, Linux and Node.js. Worked on enterprise applications and delivered scalable solutions.","Looking for a DevOps Engineer at a growing company. Required skills: Communication, Kubernetes, Linux, NLP. Experience with team collaboration preferred.",0.67,medium,medium,21,20
"Full Stack Developer with 8 years of experience in Git, Machine Learning, SQL and Java. Worked on enterprise applications and delivered scalable solutions.","Looking for a Full Stack Developer at a growing company. Required skills: Git, Machine Learning, SQL, Leadership. Experience with team collaboration preferred.",0.51,low,low,23,22
"Business Analyst with 1 years of experience in Machine Learning, NLP, React and Cybersecurity. Worked on enterprise applications and delivered scalable solutions.","Looking for a Business Analyst at a growing company. Required skills: Machine Learning, NLP, React, Cybersecurity. Experience with team collaboration preferred.",0.87,high,high,22,21
"Data Analyst with 7 years of experience in C++, Leadership, Kubernetes and Power BI. Worked on enterprise applications and delivered scalable solutions.","Looking for a Data Analyst at a growing company. Required skills: C++, Leadership, Kubernetes, Kubernetes. Experience with team collaboration preferred.",0.63,low,low,22,20
"Cloud Engineer with 9 years of experience in Linux, SQL, Java and React. Worked on enterprise applications and delivered scalable solutions.","Looking for a Cloud Engineer at a growing company. Required skills: Linux, SQL, Java, C++. Experience with team collaboration preferred.",0.65,medium,medium,21,20
"Cloud Engineer with 2 years of experience in Power BI, Git, AWS and Docker. Worked on enterprise applications and delivered scalable solutions.","Looking for a Cloud Engineer at a growing company. Required skills: Power BI, Git, AWS, Machine Learning. Experience with team collaboration preferred.",0.7,medium,medium,22,22
"AI Engineer with 2 years of experience in Linux, Leadership, SQL and Node.js. Worked on enterprise applications and delivered scalable solutions.","Looking for a AI Engineer at a growing company. Required skills: Linux, Leadership, SQL, Cybersecurity. Experience with team collaboration preferred.",0.89,high,high,21,20
"ML Engineer with 2 years of experience in FastAPI, Power BI, Cybersecurity and React. Worked on enterprise applications and delivered scalable solutions.","Looking for a ML Engineer at a growing company. Required skills: FastAPI, Power BI, Cybersecurity, Node.js. Experience with team collaboration preferred.",0.75,medium,medium,22,21
"Data Analyst with 4 years of experience in Node.js, React, C++ and Machine Learning. Worked on enterprise applications and delivered scalable solutions.","Looking for a Data Analyst at a growing company. Required skills: Node.js, React, C++, Python. Experience with team collaboration preferred.",0.86,high,high,22,20
"ML Engineer with 6 years of experience in SQL, Pandas, Docker and Linux. Worked on enterprise applications and delivered scalable solutions.","Looking for a ML Engineer at a growing company. Required skills: SQL, Pandas, Docker, AWS. Experience with team collaboration preferred.",0.74,medium,medium,21,20
"Frontend Developer with 4 years of experience in Leadership, Docker, AWS and React. Worked on enterprise applications and delivered scalable solutions.","Looking for a Frontend Developer at a growing company. Required skills: Leadership, Docker, AWS, Linux. Experience with team collaboration preferred.",0.78,medium,medium,21,20
"DEVOPS ENGINEER WITH 5 YEARS OF EXPERIENCE IN C++, POWER BI, LEADERSHIP AND JAVA. WORKED ON ENTERPRISE APPLICATIONS AND DELIVERED SCALABLE SOLUTIONS.    ","Looking for a DevOps Engineer at a growing company. Required skills: C++, Power BI, Leadership, SQL. Experience with team collaboration preferred.",0.73,medium,medium,22,21
"Cloud Engineer with 4 years of experience in Linux, Communication, Kubernetes and Python. Worked on enterprise applications and delivered scalable solutions.","Looking for a Cloud Engineer at a growing company. Required skills: Linux, Communication, Kubernetes, React. Experience with team collaboration preferred.",0.59,low,low,21,20
"ML Engineer with 2 years of experience in Node.js, Power BI, Kubernetes and Cybersecurity. Worked on enterprise applications and delivered scalable solutions.","Looking for a ML Engineer at a growing company. Required skills: Node.js, Power BI, Kubernetes, Machine Learning. Experience with team collaboration preferred.",0.94,high,high,22,22
"AI Engineer with 5 years of experience in AWS, Communication, Node.js and FastAPI. Worked on enterprise applications and delivered scalable solutions.","Looking for a AI Engineer at a growing company. Required skills: AWS, Communication, Node.js, C++. Experience with team collaboration preferred.",0.87,high,high,21,20
"Sales Manager with 6 years of experience in FastAPI, Communication, Power BI and React. Worked on enterprise applications and delivered scalable solutions.","Looking for a Sales Manager at a growing company. Required skills: FastAPI, Communication, Power BI, FastAPI. Experience with team collaboration preferred.",0.89,high,high,22,21
"DEVOPS ENGINEER WITH 9 YEARS OF EXPERIENCE IN COMMUNICATION, LINUX, POWER BI AND PANDAS. WORKED ON ENTERPRISE APPLICATIONS AND DELIVERED SCALABLE SOLUTIONS.    ","Looking for a DevOps Engineer at a growing company. Required skills: Communication, Linux, Power BI, Cybersecurity. Experience with team collaboration preferred.",0.61,low,low,22,21
"PYTHON DEVELOPER WITH 2 YEARS OF EXPERIENCE IN PYTHON, POWER BI, AWS AND C++. WORKED ON ENTERPRISE APPLICATIONS AND DELIVERED SCALABLE SOLUTIONS.    ","Looking for a Python Developer at a growing company. Required skills: Python, Power BI, AWS, AWS. Experience with team collaboration preferred.",0.47,low,low,22,21
"Business Analyst with 3 years of experience in Pandas, Cybersecurity, Leadership and Docker. Worked on enterprise applications and delivered scalable solutions.","Looking for a Business Analyst at a growing company. Required skills: Pandas, Cybersecurity, Leadership, Python. Experience with team collaboration preferred.",0.74,medium,medium,21,20
"Cloud Engineer with 8 years of experience in Java, FastAPI, Kubernetes and AWS. Worked on enterprise applications and delivered scalable solutions.","Looking for a Cloud Engineer at a growing company. Required skills: Java, FastAPI, Kubernetes, FastAPI. Experience with team collaboration preferred.",0.85,high,high,21,20
"UI/UX Designer with 2 years of experience in Pandas, Linux, Java and React. Worked on enterprise applications and delivered scalable solutions.","Looking for a UI/UX Designer at a growing company. Required skills: Pandas, Linux, Java, Java. Experience with team collaboration preferred.",0.8,medium,medium,21,20
"DEVOPS ENGINEER WITH 10 YEARS OF EXPERIENCE IN FASTAPI, MACHINE LEARNING, GIT AND JAVA. WORKED ON ENTERPRISE APPLICATIONS AND DELIVERED SCALABLE SOLUTIONS.    ","Looking for a DevOps Engineer at a growing company. Required skills: FastAPI, Machine Learning, Git, React. Experience with team collaboration preferred.",0.92,high,high,22,21
"Full Stack Developer with 9 years of experience in Power BI, Machine Learning, Docker and Cybersecurity. Worked on enterprise applications and delivered scalable solutions.","Looking for a Full Stack Developer at a growing company. Required skills: Power BI, Machine Learning, Docker, Communication. Experience with team collaboration preferred.",0.85,high,high,24,23
"Java Developer with 3 years of experience in Docker, Python, Git and Cybersecurity. Worked on enterprise applications and delivered scalable solutions.","Looking for a Java Developer at a growing company. Required skills: Docker, Python, Git, Python. Experience with team collaboration preferred.",0.49,low,low,21,20
"BACKEND DEVELOPER WITH 5 YEARS OF EXPERIENCE IN LINUX, C++, DOCKER AND AWS. WORKED ON ENTERPRISE APPLICATIONS AND DELIVERED SCALABLE SOLUTIONS.    ","Looking for a Backend Developer at a growing company. Required skills: Linux, C++, Docker, C++. Experience with team collaboration preferred.",0.51,low,low,21,20
"Java Developer with 9 years of experience in Power BI, C++, Linux and AWS. Worked on enterprise applications and delivered scalable solutions.","Looking for a Java Developer at a growing company. Required skills: Power BI, C++, Linux, C++. Experience with team collaboration preferred.",0.69,medium,medium,22,21
"Full Stack Developer with 3 years of experience in Cybersecurity, Node.js, Git and Java. Worked on enterprise applications and delivered scalable solutions.","Looking for a Full Stack Developer at a growing company. Required skills: Cybersecurity, Node.js, Git, Java. Experience with team collaboration preferred.",0.56,low,low,22,21
"ML Engineer with 7 years of experience in Java, Communication, Leadership and Node.js. Worked on enterprise applications and delivered scalable solutions.","Looking for a ML Engineer at a growing company. Required skills: Java, Communication, Leadership, Java. Experience with team collaboration preferred.",0.86,high,high,21,20
"Backend Developer with 5 years of experience in NLP, Docker, React and Node.js. Worked on enterprise applications and delivered scalable solutions.","Looking for a Backend Developer at a growing company. Required skills: NLP, Docker, React, AWS. Experience with team collaboration preferred.",0.83,medium,medium,21,20
"Product Manager with 9 years of experience in Cybersecurity, Python, TensorFlow and Linux. Worked on enterprise applications and delivered scalable solutions.","Looking for a Product Manager at a growing company. Required skills: Cybersecurity, Python, TensorFlow, Docker. Experience with team collaboration preferred.",0.6,low,low,21,20
"ML Engineer with 5 years of experience in Cybersecurity, AWS, Leadership and Communication. Worked on enterprise applications and delivered scalable solutions.","Looking for a ML Engineer at a growing company. Required skills: Cybersecurity, AWS, Leadership, Communication. Experience with team collaboration preferred.",0.93,high,high,21,20
"Java Developer with 5 years of experience in Communication, FastAPI, SQL and Cybersecurity. Worked on enterprise applications and delivered scalable solutions.","Looking for a Java Developer at a growing company. Required skills: Communication, FastAPI, SQL, Power BI. Experience with team collaboration preferred.",0.89,high,high,21,21
"Data Analyst with 8 years of experience in Power BI, FastAPI, Git and Node.js. Worked on enterprise applications and delivered scalable solutions.","Looking for a Data Analyst at a growing company. Required skills: Power BI, FastAPI, Git, Linux. Experience with team collaboration preferred.",0.68,medium,medium,22,21
"Data Analyst with 5 years of experience in AWS, TensorFlow, Pandas and FastAPI. Worked on enterprise applications and delivered scalable solutions.","Looking for a Data Analyst at a growing company. Required skills: AWS, TensorFlow, Pandas, Python. Experience with team collaboration preferred.",0.54,low,low,21,20
"Business Analyst with 2 years of experience in TensorFlow, SQL, Machine Learning and Pandas. Worked on enterprise applications and delivered scalable solutions.","Looking for a Business Analyst at a growing company. Required skills: TensorFlow, SQL, Machine Learning, FastAPI. Experience with team collaboration preferred.",0.94,high,high,22,21
"UI/UX Designer with 9 years of experience in Leadership, Communication, AWS and Machine Learning. Worked on enterprise applications and delivered scalable solutions.","Looking for a UI/UX Designer at a growing company. Required skills: Leadership, Communication, AWS, Communication. Experience with team collaboration preferred.",0.64,low,low,22,20
"Healthcare Analyst with 4 years of experience in Java, C++, Machine Learning and Communication. Worked on enterprise applications and delivered scalable solutions.","Looking for a Healthcare Analyst at a growing company. Required skills: Java, C++, Machine Learning, Machine Learning. Experience with team collaboration preferred.",0.9,high,high,22,22
"Backend Developer with 5 years of experience in Machine Learning, Cybersecurity, TensorFlow and Java. Worked on enterprise applications and delivered scalable solutions.","Looking for a Backend Developer at a growing company. Required skills: Machine Learning, Cybersecurity, TensorFlow, Node.js. Experience with team collaboration preferred.",0.85,high,high,22,21
"Cybersecurity Analyst with 10 years of experience in Python, Power BI, Git and Docker. Worked on enterprise applications and delivered scalable solutions.","Looking for a Cybersecurity Analyst at a growing company. Required skills: Python, Power BI, Git, Machine Learning. Experience with team collaboration preferred.",0.52,low,low,22,22
"Full Stack Developer with 1 years of experience in Linux, Node.js, Git and Machine Learning. Worked on enterprise applications and delivered scalable solutions.","Looking for a Full Stack Developer at a growing company. Required skills: Linux, Node.js, Git, NLP. Experience with team collaboration preferred.",0.82,medium,medium,23,21
"Backend Developer with 6 years of experience in AWS, Node.js, Cybersecurity and TensorFlow. Worked on enterprise applications and delivered scalable solutions.","Looking for a Backend Developer at a growing company. Required skills: AWS, Node.js, Cybersecurity, Pandas. Experience with team collaboration preferred.",0.98,high,high,21,20
"Java Developer with 9 years of experience in AWS, Communication, NLP and Leadership. Worked on enterprise applications and delivered scalable solutions.","Looking for a Java Developer at a growing company. Required skills: AWS, Communication, NLP, Kubernetes. Experience with team collaboration preferred.",0.64,low,low,21,20
"UI/UX Designer with 7 years of experience in TensorFlow, Git, Communication and AWS. Worked on enterprise applications and delivered scalable solutions.","Looking for a UI/UX Designer at a growing company. Required skills: TensorFlow, Git, Communication, Kubernetes. Experience with team collaboration preferred.",0.89,high,high,21,20
"AI Engineer with 1 years of experience in Pandas, Git, Leadership and NLP. Worked on enterprise applications and delivered scalable solutions.","Looking for a AI Engineer at a growing company. Required skills: Pandas, Git, Leadership, FastAPI. Experience with team collaboration preferred.",0.66,medium,medium,21,20
"Frontend Developer with 8 years of experience in Power BI, Cybersecurity, SQL and Communication. Worked on enterprise applications and delivered scalable solutions.","Looking for a Frontend Developer at a growing company. Required skills: Power BI, Cybersecurity, SQL, Docker. Experience with team collaboration preferred.",0.54,low,low,22,21
"Sales Manager with 1 years of experience in SQL, Power BI, Git and TensorFlow. Worked on enterprise applications and delivered scalable solutions.","Looking for a Sales Manager at a growing company. Required skills: SQL, Power BI, Git, Docker. Experience with team collaboration preferred.",0.45,low,low,22,21
"Healthcare Analyst with 4 years of experience in Cybersecurity, React, FastAPI and TensorFlow. Worked on enterprise applications and delivered scalable solutions.","Looking for a Healthcare Analyst at a growing company. Required skills: Cybersecurity, React, FastAPI, Java. Experience with team collaboration preferred.",0.76,medium,medium,21,20
"SALES MANAGER WITH 4 YEARS OF EXPERIENCE IN C++, NODE.JS, TENSORFLOW AND GIT. WORKED ON ENTERPRISE APPLICATIONS AND DELIVERED SCALABLE SOLUTIONS.    ","Looking for a Sales Manager at a growing company. Required skills: C++, Node.js, TensorFlow, TensorFlow. Experience with team collaboration preferred.",0.81,medium,medium,21,20
"Frontend Developer with 7 years of experience in Git, Leadership, Kubernetes and NLP. Worked on enterprise applications and delivered scalable solutions.","Looking for a Frontend Developer at a growing company. Required skills: Git, Leadership, Kubernetes, Git. Experience with team collaboration preferred.",0.67,medium,medium,21,20
"Cybersecurity Analyst with 6 years of experience in Communication, SQL, AWS and Java. Worked on enterprise applications and delivered scalable solutions.","Looking for a Cybersecurity Analyst at a growing company. Required skills: Communication, SQL, AWS, Python. Experience with team collaboration preferred.",0.46,low,low,21,20
"Product Manager with 9 years of experience in FastAPI, Linux, Git and React. Worked on enterprise applications and delivered scalable solutions.","Looking for a Product Manager at a growing company. Required skills: FastAPI, Linux, Git, Java. Experience with team collaboration preferred.",0.7,medium,medium,21,20
"Business Analyst with 10 years of experience in NLP, Machine Learning, React and TensorFlow. Worked on enterprise applications and delivered scalable solutions.","Looking for a Business Analyst at a growing company. Required skills: NLP, Machine Learning, React, Git. Experience with team collaboration preferred.",0.53,low,low,22,21
"Cloud Engineer with 2 years of experience in Communication, NLP, Linux and SQL. Worked on enterprise applications and delivered scalable solutions.","Looking for a Cloud Engineer at a growing company. Required skills: Communication, NLP, Linux, Git. Experience with team collaboration preferred.",0.64,low,low,21,20
"DEVOPS ENGINEER WITH 6 YEARS OF EXPERIENCE IN KUBERNETES, TENSORFLOW, PANDAS AND LINUX. WORKED ON ENTERPRISE APPLICATIONS AND DELIVERED SCALABLE SOLUTIONS.    ","Looking for a DevOps Engineer at a growing company. Required skills: Kubernetes, TensorFlow, Pandas, Machine Learning. Experience with team collaboration preferred.",0.61,low,low,21,21
"DevOps Engineer with 3 years of experience in Power BI, Node.js, Git and C++. Worked on enterprise applications and delivered scalable solutions.","Looking for a DevOps Engineer at a growing company. Required skills: Power BI, Node.js, Git, Docker. Experience with team collaboration preferred.",0.98,high,high,22,21
"Frontend Developer with 2 years of experience in Kubernetes, NLP, FastAPI and Communication. Worked on enterprise applications and delivered scalable solutions.","Looking for a Frontend Developer at a growing company. Required skills: Kubernetes, NLP, FastAPI, Kubernetes. Experience with team collaboration preferred.",0.8,medium,medium,21,20
"AI Engineer with 5 years of experience in Linux, Python, Communication and Power BI. Worked on enterprise applications and delivered scalable solutions.","Looking for a AI Engineer at a growing company. Required skills: Linux, Python, Communication, Java. Experience with team collaboration preferred.",0.54,low,low,22,20
"ML Engineer with 10 years of experience in SQL, Linux, Python and NLP. Worked on enterprise applications and delivered scalable solutions.","Looking for a ML Engineer at a growing company. Required skills: SQL, Linux, Python, Cybersecurity. Experience with team collaboration preferred.",0.73,medium,medium,21,20
"Cybersecurity Analyst with 9 years of experience in Communication, Git, Kubernetes and Docker. Worked on enterprise applications and delivered scalable solutions.","Looking for a Cybersecurity Analyst at a growing company. Required skills: Communication, Git, Kubernetes, Kubernetes. Experience with team collaboration preferred.",0.48,low,low,21,20
"Frontend Developer with 6 years of experience in Communication, React, Git and AWS. Worked on enterprise applications and delivered scalable solutions.","Looking for a Frontend Developer at a growing company. Required skills: Communication, React, Git, Python. Experience with team collaboration preferred.",0.97,high,high,21,20
"Data Analyst with 5 years of experience in AWS, Java, Power BI and Node.js. Worked on enterprise applications and delivered scalable solutions.","Looking for a Data Analyst at a growing company. Required skills: AWS, Java, Power BI, Linux. Experience with team collaboration preferred.",0.64,low,low,22,21
"Frontend Developer with 9 years of experience in Power BI, AWS, FastAPI and Kubernetes. Worked on enterprise applications and delivered scalable solutions.","Looking for a Frontend Developer at a growing company. Required skills: Power BI, AWS, FastAPI, Leadership. Experience with team collaboration preferred.",0.5,low,low,22,21
"ML ENGINEER WITH 4 YEARS OF EXPERIENCE IN LEADERSHIP, TENSORFLOW, POWER BI AND REACT. WORKED ON ENTERPRISE APPLICATIONS AND DELIVERED SCALABLE SOLUTIONS.    ","Looking for a ML Engineer at a growing company. Required skills: Leadership, TensorFlow, Power BI, NLP. Experience with team collaboration preferred.",0.58,low,low,22,21
"AI ENGINEER WITH 4 YEARS OF EXPERIENCE IN NODE.JS, SQL, CYBERSECURITY AND REACT. WORKED ON ENTERPRISE APPLICATIONS AND DELIVERED SCALABLE SOLUTIONS.    ","Looking for a AI Engineer at a growing company. Required skills: Node.js, SQL, Cybersecurity, Python. Experience with team collaboration preferred.",0.87,high,high,21,20
"Cybersecurity Analyst with 5 years of experience in C++, Cybersecurity, SQL and Git. Worked on enterprise applications and delivered scalable solutions.","Looking for a Cybersecurity Analyst at a growing company. Required skills: C++, Cybersecurity, SQL, Python. Experience with team collaboration preferred.",0.68,medium,medium,21,20
"Business Analyst with 9 years of experience in TensorFlow, Python, Kubernetes and Power BI. Worked on enterprise applications and delivered scalable solutions.","Looking for a Business Analyst at a growing company. Required skills: TensorFlow, Python, Kubernetes, Machine Learning. Experience with team collaboration preferred.",0.72,medium,medium,22,21
"ML Engineer with 1 years of experience in Java, C++, Python and Docker. Worked on enterprise applications and delivered scalable solutions.","Looking for a ML Engineer at a growing company. Required skills: Java, C++, Python, Linux. Experience with team collaboration preferred.",0.7,medium,medium,21,20
"BUSINESS ANALYST WITH 4 YEARS OF EXPERIENCE IN LINUX, COMMUNICATION, CYBERSECURITY AND TENSORFLOW. WORKED ON ENTERPRISE APPLICATIONS AND DELIVERED SCALABLE SOLUTIONS.    ","Looking for a Business Analyst at a growing company. Required skills: Linux, Communication, Cybersecurity, Leadership. Experience with team collaboration preferred.",0.61,low,low,21,20
"Product Manager with 2 years of experience in Linux, C++, AWS and Power BI. Worked on enterprise applications and delivered scalable solutions.","Looking for a Product Manager at a growing company. Required skills: Linux, C++, AWS, Python. Experience with team collaboration preferred.",0.97,high,high,22,20
"UI/UX Designer with 2 years of experience in React, Leadership, Python and Kubernetes. Worked on enterprise applications and delivered scalable solutions.","Looking for a UI/UX Designer at a growing company. Required skills: React, Leadership, Python, Java. Experience with team collaboration preferred.",0.97,high,high,21,20
"Java Developer with 10 years of experience in Machine Learning, Leadership, Kubernetes and Node.js. Worked on enterprise applications and delivered scalable solutions.","Looking for a Java Developer at a growing company. Required skills: Machine Learning, Leadership, Kubernetes, Node.js. Experience with team collaboration preferred.",0.56,low,low,22,21
"Full Stack Developer with 3 years of experience in Power BI, TensorFlow, Leadership and FastAPI. Worked on enterprise applications and delivered scalable solutions.","Looking for a Full Stack Developer at a growing company. Required skills: Power BI, TensorFlow, Leadership, Power BI. Experience with team collaboration preferred.",0.76,medium,medium,23,23
"UI/UX Designer with 4 years of experience in Cybersecurity, FastAPI, Java and Power BI. Worked on enterprise applications and delivered scalable solutions.","Looking for a UI/UX Designer at a growing company. Required skills: Cybersecurity, FastAPI, Java, Linux. Experience with team collaboration preferred.",0.5,low,low,22,20
"Full Stack Developer with 4 years of experience in Communication, React, TensorFlow and Leadership. Worked on enterprise applications and delivered scalable solutions.","Looking for a Full Stack Developer at a growing company. Required skills: Communication, React, TensorFlow, C++. Experience with team collaboration preferred.",0.65,medium,medium,22,21
"Java Developer with 5 years of experience in SQL, TensorFlow, React and Python. Worked on enterprise applications and delivered scalable solutions.","Looking for a Java Developer at a growing company. Required skills: SQL, TensorFlow, React, Python. Experience with team collaboration preferred.",0.97,high,high,21,20
"AI Engineer with 5 years of experience in C++, Leadership, Cybersecurity and Docker. Worked on enterprise applications and delivered scalable solutions.","Looking for a AI Engineer at a growing company. Required skills: C++, Leadership, Cybersecurity, Leadership. Experience with team collaboration preferred.",0.57,low,low,21,20
"DevOps Engineer with 9 years of experience in Python, Cybersecurity, FastAPI and React. Worked on enterprise applications and delivered scalable solutions.","Looking for a DevOps Engineer at a growing company. Required skills: Python, Cybersecurity, FastAPI, Machine Learning. Experience with team collaboration preferred.",0.78,medium,medium,21,21
"Product Manager with 9 years of experience in Power BI, React, Cybersecurity and Git. Worked on enterprise applications and delivered scalable solutions.","Looking for a Product Manager at a growing company. Required skills: Power BI, React, Cybersecurity, C++. Experience with team collaboration preferred.",0.89,high,high,22,21
"Cybersecurity Analyst with 7 years of experience in Power BI, Linux, Communication and SQL. Worked on enterprise applications and delivered scalable solutions.","Looking for a Cybersecurity Analyst at a growing company. Required skills: Power BI, Linux, Communication, Node.js. Experience with team collaboration preferred.",0.77,medium,medium,22,21
"Full Stack Developer with 2 years of experience in C++, Cybersecurity, AWS and Python. Worked on enterprise applications and delivered scalable solutions.","Looking for a Full Stack Developer at a growing company. Required skills: C++, Cybersecurity, AWS, NLP. Experience with team collaboration preferred.",0.71,medium,medium,22,21
"Data Analyst with 4 years of experience in Java, Machine Learning, FastAPI and C++. Worked on enterprise applications and delivered scalable solutions.","Looking for a Data Analyst at a growing company. Required skills: Java, Machine Learning, FastAPI, Leadership. Experience with team collaboration preferred.",0.56,low,low,22,21
"UI/UX Designer with 9 years of experience in Kubernetes, NLP, AWS and Java. Worked on enterprise applications and delivered scalable solutions.","Looking for a UI/UX Designer at a growing company. Required skills: Kubernetes, NLP, AWS, AWS. Experience with team collaboration preferred.",0.52,low,low,21,20
"Python Developer with 1 years of experience in Communication, Machine Learning, FastAPI and Node.js. Worked on enterprise applications and delivered scalable solutions.","Looking for a Python Developer at a growing company. Required skills: Communication, Machine Learning, FastAPI, Python. Experience with team collaboration preferred.",0.61,low,low,22,21
"Product Manager with 9 years of experience in Python, Git, Machine Learning and Linux. Worked on enterprise applications and delivered scalable solutions.","Looking for a Product Manager at a growing company. Required skills: Python, Git, Machine Learning, Communication. Experience with team collaboration preferred.",0.7,medium,medium,22,21
"Full Stack Developer with 9 years of experience in Node.js, Cybersecurity, Linux and Java. Worked on enterprise applications and delivered scalable solutions.","Looking for a Full Stack Developer at a growing company. Required skills: Node.js, Cybersecurity, Linux, TensorFlow. Experience with team collaboration preferred.",0.47,low,low,22,21
"Cybersecurity Analyst with 4 years of experience in Kubernetes, NLP, Git and Java. Worked on enterprise applications and delivered scalable solutions.","Looking for a Cybersecurity Analyst at a growing company. Required skills: Kubernetes, NLP, Git, NLP. Experience with team collaboration preferred.",0.67,medium,medium,21,20
"UI/UX Designer with 2 years of experience in FastAPI, Git, Python and Docker. Worked on enterprise applications and delivered scalable solutions.","Looking for a UI/UX Designer at a growing company. Required skills: FastAPI, Git, Python, Docker. Experience with team collaboration preferred.",0.74,medium,medium,21,20
"Cybersecurity Analyst with 5 years of experience in SQL, Cybersecurity, FastAPI and Linux. Worked on enterprise applications and delivered scalable solutions.","Looking for a Cybersecurity Analyst at a growing company. Required skills: SQL, Cybersecurity, FastAPI, Communication. Experience with team collaboration preferred.",0.91,high,high,21,20
"SALES MANAGER WITH 7 YEARS OF EXPERIENCE IN C++, PANDAS, FASTAPI AND SQL. WORKED ON ENTERPRISE APPLICATIONS AND DELIVERED SCALABLE SOLUTIONS.    ","Looking for a Sales Manager at a growing company. Required skills: C++, Pandas, FastAPI, Pandas. Experience with team collaboration preferred.",0.68,medium,medium,21,20
"Cloud Engineer with 7 years of experience in Docker, Linux, Node.js and Java. Worked on enterprise applications and delivered scalable solutions.","Looking for a Cloud Engineer at a growing company. Required skills: Docker, Linux, Node.js, Leadership. Experience with team collaboration preferred.",0.91,low,low,21,20
"Product Manager with 2 years of experience in Docker, Kubernetes, Node.js and Machine Learning. Worked on enterprise applications and delivered scalable solutions.","Looking for a Product Manager at a growing company. Required skills: Docker, Kubernetes, Node.js, React. Experience with team collaboration preferred.",0.53,low,low,22,20
"Product Manager with 5 years of experience in Power BI, Node.js, Machine Learning and NLP. Worked on enterprise applications and delivered scalable solutions.","Looking for a Product Manager at a growing company. Required skills: Power BI, Node.js, Machine Learning, Docker. Experience with team collaboration preferred.",0.98,high,high,23,22
"Data Analyst with 9 years of experience in TensorFlow, React, Java and Power BI. Worked on enterprise applications and delivered scalable solutions.","Looking for a Data Analyst at a growing company. Required skills: TensorFlow, React, Java, TensorFlow. Experience with team collaboration preferred.",0.55,medium,medium,22,20
"UI/UX DESIGNER WITH 1 YEARS OF EXPERIENCE IN LEADERSHIP, NODE.JS, C++ AND JAVA. WORKED ON ENTERPRISE APPLICATIONS AND DELIVERED SCALABLE SOLUTIONS.    ","Looking for a UI/UX Designer at a growing company. Required skills: Leadership, Node.js, C++, Power BI. Experience with team collaboration preferred.",0.84,medium,medium,21,21
"Full Stack Developer with 5 years of experience in FastAPI, Linux, Git and Python. Worked on enterprise applications and delivered scalable solutions.","Looking for a Full Stack Developer at a growing company. Required skills: FastAPI, Linux, Git, Linux. Experience with team collaboration preferred.",0.76,medium,medium,22,21
"Cybersecurity Analyst with 3 years of experience in AWS, Communication, Kubernetes and SQL. Worked on enterprise applications and delivered scalable solutions.","Looking for a Cybersecurity Analyst at a growing company. Required skills: AWS, Communication, Kubernetes, Node.js. Experience with team collaboration preferred.",0.97,high,high,21,20
"PRODUCT MANAGER WITH 10 YEARS OF EXPERIENCE IN TENSORFLOW, PANDAS, SQL AND CYBERSECURITY. WORKED ON ENTERPRISE APPLICATIONS AND DELIVERED SCALABLE SOLUTIONS.    ","Looking for a Product Manager at a growing company. Required skills: TensorFlow, Pandas, SQL, Java. Experience with team collaboration preferred.",0.54,low,low,21,20
"Data Analyst with 5 years of experience in Leadership, Node.js, Linux and FastAPI. Worked on enterprise applications and delivered scalable solutions.","Looking for a Data Analyst at a growing company. Required skills: Leadership, Node.js, Linux, Pandas. Experience with team collaboration preferred.",0.73,medium,medium,21,20
"DevOps Engineer with 4 years of experience in Git, Leadership, Communication and Pandas. Worked on enterprise applications and delivered scalable solutions.","Looking for a DevOps Engineer at a growing company. Required skills: Git, Leadership, Communication, Cybersecurity. Experience with team collaboration preferred.",0.7,medium,medium,21,20
"Sales Manager with 8 years of experience in SQL, React, Communication and Python. Worked on enterprise applications and delivered scalable solutions.","Looking for a Sales Manager at a growing company. Required skills: SQL, React, Communication, React. Experience with team collaboration preferred.",0.77,medium,medium,21,20
"Cybersecurity Analyst with 10 years of experience in Python, Docker, Node.js and Java. Worked on enterprise applications and delivered scalable solutions.","Looking for a Cybersecurity Analyst at a growing company. Required skills: Python, Docker, Node.js, React. Experience with team collaboration preferred.",0.79,medium,medium,21,20
"Backend Developer with 2 years of experience in NLP, Java, Git and Leadership. Worked on enterprise applications and delivered scalable solutions.","Looking for a Backend Developer at a growing company. Required skills: NLP, Java, Git, Linux. Experience with team collaboration preferred.",0.63,low,low,21,20
"Cybersecurity Analyst with 8 years of experience in Docker, Cybersecurity, Java and Git. Worked on enterprise applications and delivered scalable solutions.","Looking for a Cybersecurity Analyst at a growing company. Required skills: Docker, Cybersecurity, Java, FastAPI. Experience with team collaboration preferred.",0.93,high,high,21,20
"Cybersecurity Analyst with 4 years of experience in NLP, Linux, Kubernetes and SQL. Worked on enterprise applications and delivered scalable solutions.","Looking for a Cybersecurity Analyst at a growing company. Required skills: NLP, Linux, Kubernetes, Communication. Experience with team collaboration preferred.",0.87,high,high,21,20
"UI/UX Designer with 7 years of experience in Communication, Machine Learning, Leadership and Cybersecurity. Worked on enterprise applications and delivered scalable solutions.","Looking for a UI/UX Designer at a growing company. Required skills: Communication, Machine Learning, Leadership, AWS. Experience with team collaboration preferred.",0.96,high,high,22,21
"DevOps Engineer with 5 years of experience in AWS, Node.js, React and Leadership. Worked on enterprise applications and delivered scalable solutions.","Looking for a DevOps Engineer at a growing company. Required skills: AWS, Node.js, React, AWS. Experience with team collaboration preferred.",0.46,low,low,21,20
"Frontend Developer with 10 years of experience in Node.js, Leadership, Kubernetes and C++. Worked on enterprise applications and delivered scalable solutions.","Looking for a Frontend Developer at a growing company. Required skills: Node.js, Leadership, Kubernetes, Docker. Experience with team collaboration preferred.",0.83,medium,medium,21,20
"UI/UX Designer with 7 years of experience in SQL, Git, Node.js and React. Worked on enterprise applications and delivered scalable solutions.","Looking for a UI/UX Designer at a growing company. Required skills: SQL, Git, Node.js, NLP. Experience with team collaboration preferred.",0.7,medium,medium,21,20
"Sales Manager with 2 years of experience in TensorFlow, React, FastAPI and Git. Worked on enterprise applications and delivered scalable solutions.","Looking for a Sales Manager at a growing company. Required skills: TensorFlow, React, FastAPI, Leadership. Experience with team collaboration preferred.",0.51,low,low,21,20
"Healthcare Analyst with 1 years of experience in Cybersecurity, React, FastAPI and AWS. Worked on enterprise applications and delivered scalable solutions.","Looking for a Healthcare Analyst at a growing company. Required skills: Cybersecurity, React, FastAPI, Machine Learning. Experience with team collaboration preferred.",0.71,medium,medium,21,21
"AI Engineer with 1 years of experience in Power BI, SQL, Communication and Pandas. Worked on enterprise applications and delivered scalable solutions.","Looking for a AI Engineer at a growing company. Required skills: Power BI, SQL, Communication, Kubernetes. Experience with team collaboration preferred.",0.97,high,high,22,21
"Sales Manager with 8 years of experience in Power BI, TensorFlow, Docker and FastAPI. Worked on enterprise applications and delivered scalable solutions.","Looking for a Sales Manager at a growing company. Required skills: Power BI, TensorFlow, Docker, Python. Experience with team collaboration preferred.",0.7,medium,medium,22,21
"Product Manager with 7 years of experience in Git, Node.js, C++ and Cybersecurity. Worked on enterprise applications and delivered scalable solutions.","Looking for a Product Manager at a growing company. Required skills: Git, Node.js, C++, Java. Experience with team collaboration preferred.",0.79,medium,medium,21,20
"AI Engineer with 9 years of experience in Linux, FastAPI, AWS and React. Worked on enterprise applications and delivered scalable solutions.","Looking for a AI Engineer at a growing company. Required skills: Linux, FastAPI, AWS, Git. Experience with team collaboration preferred.",0.49,low,low,21,20
"Python Developer with 2 years of experience in Java, AWS, SQL and FastAPI. Worked on enterprise applications and delivered scalable solutions.","Looking for a Python Developer at a growing company. Required skills: Java, AWS, SQL, SQL. Experience with team collaboration preferred.",0.89,high,high,21,20
"Java Developer with 3 years of experience in SQL, Linux, AWS and C++. Worked on enterprise applications and delivered scalable solutions.","Looking for a Java Developer at a growing company. Required skills: SQL, Linux, AWS, React. Experience with team collaboration preferred.",0.52,low,low,21,20
"UI/UX Designer with 7 years of experience in Pandas, FastAPI, Kubernetes and NLP. Worked on enterprise applications and delivered scalable solutions.","Looking for a UI/UX Designer at a growing company. Required skills: Pandas, FastAPI, Kubernetes, Python. Experience with team collaboration preferred.",0.95,high,high,21,20
"Cloud Engineer with 4 years of experience in NLP, Node.js, Machine Learning and Linux. Worked on enterprise applications and delivered scalable solutions.","Looking for a Cloud Engineer at a growing company. Required skills: NLP, Node.js, Machine Learning, Cybersecurity. Experience with team collaboration preferred.",0.53,low,low,22,21
"BUSINESS ANALYST WITH 1 YEARS OF EXPERIENCE IN CYBERSECURITY, SQL, LEADERSHIP AND PYTHON. WORKED ON ENTERPRISE APPLICATIONS AND DELIVERED SCALABLE SOLUTIONS.    ","Looking for a Business Analyst at a growing company. Required skills: Cybersecurity, SQL, Leadership, React. Experience with team collaboration preferred.",0.81,medium,medium,21,20
"Data Analyst with 1 years of experience in Node.js, C++, AWS and Docker. Worked on enterprise applications and delivered scalable solutions.","Looking for a Data Analyst at a growing company. Required skills: Node.js, C++, AWS, TensorFlow. Experience with team collaboration preferred.",0.72,medium,medium,21,20
"ML Engineer with 3 years of experience in Leadership, SQL, React and Linux. Worked on enterprise applications and delivered scalable solutions.","Looking for a ML Engineer at a growing company. Required skills: Leadership, SQL, React, Kubernetes. Experience with team collaboration preferred.",0.49,low,low,21,20
"UI/UX Designer with 1 years of experience in Docker, AWS, NLP and Linux. Worked on enterprise applications and delivered scalable solutions.","Looking for a UI/UX Designer at a growing company. Required skills: Docker, AWS, NLP, Machine Learning. Experience with team collaboration preferred.",0.6,low,low,21,21
"Backend Developer with 10 years of experience in Pandas, Power BI, NLP and Leadership. Worked on enterprise applications and delivered scalable solutions.","Looking for a Backend Developer at a growing company. Required skills: Pandas, Power BI, NLP, Pandas. Experience with team collaboration preferred.",0.52,low,low,22,21
"DEVOPS ENGINEER WITH 2 YEARS OF EXPERIENCE IN GIT, PYTHON, NODE.JS AND CYBERSECURITY. WORKED ON ENTERPRISE APPLICATIONS AND DELIVERED SCALABLE SOLUTIONS.    ","Looking for a DevOps Engineer at a growing company. Required skills: Git, Python, Node.js, Leadership. Experience with team collaboration preferred.",0.85,high,high,21,20
"Sales Manager with 7 years of experience in Git, Kubernetes, C++ and Leadership. Worked on enterprise applications and delivered scalable solutions.","Looking for a Sales Manager at a growing company. Required skills: Git, Kubernetes, C++, Git. Experience with team collaboration preferred.",0.57,low,low,21,20
"ML Engineer with 6 years of experience in Docker, Leadership, TensorFlow and Node.js. Worked on enterprise applications and delivered scalable solutions.","Looking for a ML Engineer at a growing company. Required skills: Docker, Leadership, TensorFlow, Power BI. Experience with team collaboration preferred.",0.6,low,low,21,21
"Sales Manager with 4 years of experience in Kubernetes, Docker, Linux and Pandas. Worked on enterprise applications and delivered scalable solutions.","Looking for a Sales Manager at a growing company. Required skills: Kubernetes, Docker, Linux, Leadership. Experience with team collaboration preferred.",0.83,medium,medium,21,20
"ML Engineer with 5 years of experience in AWS, Communication, Pandas and Linux. Worked on enterprise applications and delivered scalable solutions.","Looking for a ML Engineer at a growing company. Required skills: AWS, Communication, Pandas, FastAPI. Experience with team collaboration preferred.",0.51,low,low,21,20
"Cybersecurity Analyst with 7 years of experience in FastAPI, C++, AWS and SQL. Worked on enterprise applications and delivered scalable solutions.","Looking for a Cybersecurity Analyst at a growing company. Required skills: FastAPI, C++, AWS, Machine Learning. Experience with team collaboration preferred.",0.81,medium,medium,21,21
"Product Manager with 8 years of experience in Python, AWS, Docker and React. Worked on enterprise applications and delivered scalable solutions.","Looking for a Product Manager at a growing company. Required skills: Python, AWS, Docker, Python. Experience with team collaboration preferred.",0.53,low,low,21,20
"Cloud Engineer with 2 years of experience in TensorFlow, Kubernetes, SQL and Pandas. Worked on enterprise applications and delivered scalable solutions.","Looking for a Cloud Engineer at a growing company. Required skills: TensorFlow, Kubernetes, SQL, Git. Experience with team collaboration preferred.",0.93,high,high,21,20
"ML ENGINEER WITH 6 YEARS OF EXPERIENCE IN SQL, PANDAS, DOCKER AND LINUX. WORKED ON ENTERPRISE APPLICATIONS AND DELIVERED SCALABLE SOLUTIONS.    ","Looking for a ML Engineer at a growing company. Required skills: SQL, Pandas, Docker, AWS. Experience with team collaboration preferred.",0.74,medium,medium,21,20
"Backend Developer with 5 years of experience in Kubernetes, Git, AWS and Java. Worked on enterprise applications and delivered scalable solutions.","Looking for a Backend Developer at a growing company. Required skills: Kubernetes, Git, AWS, TensorFlow. Experience with team collaboration preferred.",0.56,low,low,21,20
"Business Analyst with 1 years of experience in Cybersecurity, SQL, Leadership and Python. Worked on enterprise applications and delivered scalable solutions.","Looking for a Business Analyst at a growing company. Required skills: Cybersecurity, SQL, Leadership, React. Experience with team collaboration preferred.",0.81,medium,medium,21,20
"DevOps Engineer with 5 years of experience in C++, Power BI, Leadership and Java. Worked on enterprise applications and delivered scalable solutions.","Looking for a DevOps Engineer at a growing company. Required skills: C++, Power BI, Leadership, SQL. Experience with team collaboration preferred.",0.73,medium,medium,22,21
"DevOps Engineer with 2 years of experience in Git, Python, Node.js and Cybersecurity. Worked on enterprise applications and delivered scalable solutions.","Looking for a DevOps Engineer at a growing company. Required skills: Git, Python, Node.js, Leadership. Experience with team collaboration preferred.",0.85,high,high,21,20
